Designator,Footprint,Quantity,Value,LCSC Part #
"C1, C4, C5",C_0603,3,1uF,C15849
C2,C_0603,1,10uF,C19702
C3,C_0603,1,100nF,C14663
D1,D_0603,1,Red,C2286
J1,TYPE-C-SMD_HX-TYPE-C-16PIN,1,"Connector, USB-TYPE-C-16P",C2927039
"J2, J3",PinSocket_1x10_P2.54mm_Vertical,2,Conn_01x10_Pin,
R1,R_0603,1,1kΩ,C21190
"R2, R3, R6",R_0603,3,10kΩ,C25804
"R4, R5",R_0603,2,5.1kΩ,C23186
"SW1, SW2",SW_SPST_TS-1088-xR020,2,SW_SPST,
U1,SOT-23-5,1,XC6220B331MR,
U2,SOIC-8_3.9x4.9mm_P1.27mm,1,USB6B1,
U3,ESP32-C3-WROOM-02,1,ESP32-C3-WROOM-02,
