Designator,Mid X,Mid Y,Rotation,Layer
C1,123.5125,-93.411156,0.0,top
C2,117.1,-68.448658,180.0,top
C3,117.1,-67.248658,180.0,top
C4,117.1,-69.648658,180.0,top
C5,123.512497,-88.092887,0.0,top
D1,135.509998,-90.748657,180.0,top
J1,128.7,-102.498658,0.0,top
J2,141.699996,-91.778657,0.0,top
J3,115.699998,-91.778657,0.0,top
R1,135.5,-89.348658,180.0,top
R2,140.3,-70.148658,180.0,top
R3,117.4,-76.148658,0.0,top
R4,123.7,-95.748658,0.0,top
R5,133.7,-95.748658,180.0,top
R6,117.0,-70.848658,0.0,top
SW1,133.7,-84.348658,0.0,top
SW2,123.7,-84.348658,0.0,top
U1,123.6,-90.748658,270.0,top
U2,128.7,-92.648658,0.0,top
U3,128.7,-73.148658,0.0,top
